time,state,hp_odu_pwr_w,hp_lwt_f,hp_ewt_f,lift_f,sieg_flow_gpm,sieg_send_flow_gpm,primary_flow_gpm,sieg_hot_f,sieg_cold_f,buffer_hot_pipe_f,store_hot_pipe_f
06:53:44,FullyKeep,,,,,,,,,,,
06:53:44,KeepingLess,,,,,,,,,,,
06:54:14,KeepingLess,1804,111.3,110.6,0.7,0.00,4.36,4.36,97.4,101.4,104.5,105.7
06:54:44,KeepingLess,1804,117.7,113.3,4.4,0.00,4.39,4.39,97.4,104.4,112.0,105.7
06:55:14,KeepingLess,2898,120.5,116.1,4.4,0.00,4.37,4.37,97.4,106.3,116.6,105.3
06:55:34,FullySend,2898,123.3,116.1,7.2,0.00,4.40,4.40,97.8,106.7,118.5,105.3
06:55:44,FullySend,5089,125.2,116.1,9.1,0.00,4.41,4.41,98.2,106.7,120.3,105.3
06:56:14,FullySend,2118,127.0,117.0,10.0,0.00,4.38,4.38,98.2,107.1,124.0,105.0
06:56:44,FullySend,2118,126.0,117.9,8.1,0.00,4.38,4.38,98.2,107.1,125.9,104.4
06:57:14,FullySend,2118,125.1,117.9,7.2,0.00,4.40,4.40,98.9,107.8,125.0,104.4
06:57:44,FullySend,300,121.4,117.9,3.5,0.00,4.37,4.37,98.9,107.8,125.0,104.4
06:58:14,FullySend,300,118.6,117.9,0.7,0.00,4.37,4.37,99.1,108.1,120.3,105.7
06:58:19,KeepingMore,300,118.6,117.9,0.7,0.00,4.39,4.39,99.1,108.1,119.4,105.7
06:58:26,SteadyBlend,300,118.6,118.8,0.0,0.00,4.39,4.39,99.1,108.1,119.4,106.1
06:58:26,KeepingLess,300,118.6,118.8,0.0,0.00,4.39,4.39,99.1,108.1,119.4,106.1
06:58:44,KeepingLess,300,118.6,118.8,0.0,0.00,4.39,4.39,99.1,108.1,118.5,106.1
06:59:14,KeepingLess,300,118.6,115.8,2.9,0.00,4.29,4.29,99.3,104.5,118.5,117.0
06:59:44,KeepingLess,300,101.2,73.0,28.2,0.00,4.20,4.20,99.3,76.1,117.6,116.3
07:00:14,KeepingLess,56,72.1,64.5,7.7,0.00,4.09,4.09,95.1,67.2,117.6,85.8
07:00:16,FullySend,56,71.2,64.5,6.8,0.00,4.09,4.09,94.7,66.7,117.6,83.9
07:00:44,FullySend,56,64.6,62.6,2.0,0.00,4.04,4.04,92.2,64.8,117.6,70.7
07:00:48,KeepingMore,56,64.6,62.6,2.0,0.00,4.04,4.04,92.2,64.4,117.6,69.8
07:01:14,KeepingMore,56,62.8,61.7,1.1,0.00,3.80,3.80,91.0,64.0,117.6,66.9
07:01:44,KeepingMore,56,67.6,67.8,0.0,3.78,1.16,4.94,79.6,64.0,117.6,66.1
07:02:14,KeepingMore,56,68.6,68.8,0.0,5.00,0.02,5.02,72.6,64.1,118.5,65.8
07:02:38,FullyKeep,56,68.6,68.8,0.0,5.01,0.02,5.03,71.0,67.3,118.5,65.8
07:02:44,FullyKeep,56,68.6,68.8,0.0,5.01,0.02,5.03,71.0,67.7,118.5,65.8
07:03:14,FullyKeep,56,68.6,68.8,0.0,5.01,0.02,5.03,70.7,68.5,118.5,65.8
07:03:44,FullyKeep,56,68.6,68.8,0.0,5.01,0.02,5.03,70.3,69.2,118.5,65.8
07:04:14,FullyKeep,56,68.6,68.8,0.0,5.01,0.02,5.03,70.2,69.3,118.5,65.8
07:04:44,FullyKeep,56,68.6,68.8,0.0,5.01,0.02,5.03,70.2,69.3,118.5,65.8
07:05:14,FullyKeep,54,68.6,68.8,0.0,5.01,0.02,5.03,70.2,69.3,118.5,65.8
07:05:44,FullyKeep,54,68.6,68.8,0.0,5.01,0.02,5.03,70.2,69.3,118.5,65.8
07:06:14,FullyKeep,54,68.6,68.8,0.0,5.01,0.02,5.03,70.2,69.6,118.5,65.8
07:06:44,FullyKeep,54,68.6,68.8,0.0,5.01,0.02,5.03,70.2,69.6,118.5,66.2
07:07:14,FullyKeep,1164,73.7,69.4,4.3,5.01,0.02,5.03,70.2,69.6,118.1,66.2
07:07:44,FullyKeep,1164,85.3,82.8,2.5,5.07,0.02,5.09,79.2,76.4,118.1,66.2
07:08:14,FullyKeep,1164,92.7,90.3,2.4,5.12,0.02,5.14,85.4,82.5,118.1,66.5
07:08:44,FullyKeep,1164,98.3,96.8,1.5,5.12,0.02,5.14,90.8,87.6,118.1,66.5
07:09:14,FullyKeep,1466,103.9,102.4,1.5,5.12,0.02,5.14,95.3,91.8,118.1,66.7
07:09:44,FullyKeep,1466,109.5,107.9,1.6,5.12,0.02,5.14,100.0,96.2,118.1,67.4
07:10:14,FullyKeep,2478,115.1,113.5,1.6,5.17,0.02,5.19,104.3,100.5,118.1,67.9
07:10:44,FullyKeep,2784,123.5,121.1,2.4,5.17,0.02,5.19,109.8,105.9,117.2,68.3
07:11:12,KeepingLess,4262,130.1,127.6,2.6,5.17,0.02,5.19,114.6,111.6,116.3,68.6
07:11:14,KeepingLess,4262,131.1,127.6,3.5,5.17,0.02,5.19,115.1,112.0,116.3,68.6
07:11:44,KeepingLess,3147,139.5,135.1,4.4,4.63,0.02,4.65,122.7,104.9,116.3,69.0
07:12:14,KeepingLess,2522,140.4,121.8,18.6,1.99,1.91,3.90,126.5,77.6,99.2,69.3
07:12:44,KeepingLess,2522,129.1,112.0,17.1,0.00,4.30,4.30,124.6,98.4,122.1,70.1
07:13:02,FullySend,2522,124.4,112.9,11.4,0.00,4.36,4.36,122.8,101.6,124.8,70.5
07:13:14,FullySend,48,123.4,113.8,9.6,0.00,4.40,4.40,122.0,102.9,123.9,71.2
07:13:44,FullySend,48,117.8,117.5,0.3,0.00,4.38,4.38,120.0,106.6,121.2,72.7
07:14:14,FullySend,48,116.9,117.5,0.0,0.00,4.41,4.41,119.0,106.5,117.5,74.7
