StopEt,Toward,RanS,PositionS,SiegGpm,SendGpm,R
09-28 19:40:20,send,27.4,66.6,0.0,4.34,0.0
09-28 19:42:35,keep,24.0,24.0,0.0,3.81,0.0
09-28 19:49:55,send,70.0,24.0,0.11,3.47,0.029
09-28 19:55:10,keep,54.0,54.0,3.84,0.58,0.869
09-28 20:02:00,send,40.0,54.0,4.11,0.34,0.924
09-28 20:07:06,keep,45.0,45.0,3.08,1.24,0.713
09-28 20:13:53,send,37.2,56.8,4.19,0.0,1.0
09-28 20:18:41,keep,27.0,27.0,0.0,3.75,0.0
09-28 20:25:52,send,60.9,33.1,1.92,2.34,0.451
09-28 20:30:55,keep,42.0,42.0,2.75,1.54,0.641
09-28 20:38:12,send,66.5,27.5,0.8,3.07,0.207
09-28 20:43:24,keep,50.9,50.9,3.59,0.78,0.822
09-28 20:50:20,send,46.0,48.0,3.64,0.79,0.822
09-28 20:55:17,keep,35.6,35.6,1.74,2.38,0.422
09-28 21:02:13,send,46.0,48.0,3.64,0.75,0.829
